class,precision,recall,f1,support
angry,0.4375,0.875,0.5833333333333334,8.0
fearful,0.3333333333333333,0.25,0.2857142857142857,8.0
happy,0.5,0.125,0.2,8.0
neutral,0.4,0.5,0.4444444444444444,4.0
sad,0.2857142857142857,0.25,0.26666666666666666,8.0
