{
  "best_model": {
    "name": "PCA_n20",
    "val_f1": 0.4122201607915893,
    "test_f1": 0.6544285714285715,
    "improvement_over_baseline": 0.26575724275724283
  },
  "benchmarks": {
    "linear_svm": 0.581,
    "rbf_svm": 0.633,
    "minimum_target": 0.6,
    "competitive_target": 0.633,
    "excellent_target": 0.653
  },
  "comparison": {
    "vs_linear_svm": 0.07342857142857151,
    "vs_rbf_svm": 0.021428571428571463,
    "meets_minimum": true,
    "meets_competitive": true,
    "meets_excellent": true
  },
  "all_models_performance": {
    "Baseline_LDA": {
      "val_f1": 0.41258419000354485,
      "test_f1": 0.38867132867132864
    },
    "SelectKBest_k10": {
      "val_f1": 0.4207086156335322,
      "test_f1": 0.46954248366013074
    },
    "SelectKBest_k11": {
      "val_f1": 0.42638146167557933,
      "test_f1": 0.35031635031635033
    },
    "SelectKBest_k12": {
      "val_f1": 0.3472466509062254,
      "test_f1": 0.5232928475033738
    },
    "SelectKBest_k13": {
      "val_f1": 0.37934462700420146,
      "test_f1": 0.6092053663570691
    },
    "SelectKBest_k14": {
      "val_f1": 0.3437625315419764,
      "test_f1": 0.50359477124183
    },
    "PCA_n20": {
      "val_f1": 0.4122201607915893,
      "test_f1": 0.6544285714285715
    },
    "PCA_n50": {
      "val_f1": 0.5033608130999435,
      "test_f1": 0.6415954415954416
    },
    "PCA_n100": {
      "val_f1": 0.46462401553565646,
      "test_f1": 0.5892375168690958
    },
    "PCA_n150": {
      "val_f1": 0.4607692307692307,
      "test_f1": 0.4999267399267399
    },
    "Combined_k11_n5": {
      "val_f1": 0.43707918991025957,
      "test_f1": 0.3045003813882532
    },
    "Combined_k11_n8": {
      "val_f1": 0.4269047619047619,
      "test_f1": 0.29527950310559004
    },
    "Combined_k12_n5": {
      "val_f1": 0.38157799190057257,
      "test_f1": 0.43611764705882355
    },
    "Combined_k12_n8": {
      "val_f1": 0.30532323232323233,
      "test_f1": 0.4345959595959596
    },
    "Combined_k13_n5": {
      "val_f1": 0.34252677582777236,
      "test_f1": 0.4105555555555555
    },
    "Combined_k13_n10": {
      "val_f1": 0.31023857262655763,
      "test_f1": 0.6317976760082022
    },
    "Combined_k14_n5": {
      "val_f1": 0.3008714596949891,
      "test_f1": 0.393558352402746
    },
    "Combined_k14_n10": {
      "val_f1": 0.3172781122073892,
      "test_f1": 0.40046345811051687
    },
    "Bagging_n5": {
      "val_f1": 0.4441758687650349,
      "test_f1": 0.43786389049546937
    },
    "Bagging_n10": {
      "val_f1": 0.4015844155844156,
      "test_f1": 0.4995033951555691
    },
    "Bagging_n15": {
      "val_f1": 0.4033333333333333,
      "test_f1": 0.535400831053005
    },
    "Bagging_n20": {
      "val_f1": 0.4033333333333333,
      "test_f1": 0.4995033951555691
    },
    "GridSearch_LDA": {
      "val_f1": 0.45970187220187225,
      "test_f1": 0.4125541125541125
    }
  },
  "statistical_tests": {
    "mcnemar": {
      "vs_linear_svm": {
        "chi_square": 0.9,
        "p_value": 0.34278171114790873
      },
      "vs_rbf_svm": {
        "chi_square": 0.16666666666666666,
        "p_value": 0.6830913983096086
      }
    },
    "paired_t_test": {
      "vs_linear_svm": {
        "t_statistic": 0.7480441171468044,
        "p_value": 0.49601599727524187,
        "mean_difference": 0.07337185037185039
      },
      "vs_rbf_svm": {
        "t_statistic": 0.24714909776022057,
        "p_value": 0.8169597961193784,
        "mean_difference": 0.02097502497502497
      }
    }
  }
}