{
  "benchmark": {
    "best_model": "RBF SVM",
    "best_test_f1": 0.6334535464535465,
    "baseline_f1": 0.596,
    "improvement_vs_baseline": 0.03745354645354648
  },
  "linear_svm": {
    "best_params": {
      "clf__C": 0.001,
      "feature_selection__k": "all"
    },
    "cv_f1": 0.6077093172757172,
    "val_f1": 0.556368356702152,
    "test_f1": 0.581056721056721,
    "training_time_seconds": 13.349394798278809,
    "test_report": {
      "angry": {
        "precision": 0.5833333333333334,
        "recall": 0.875,
        "f1-score": 0.7,
        "support": 8.0
      },
      "fearful": {
        "precision": 0.8,
        "recall": 0.5,
        "f1-score": 0.6153846153846154,
        "support": 8.0
      },
      "happy": {
        "precision": 1.0,
        "recall": 0.375,
        "f1-score": 0.5454545454545454,
        "support": 8.0
      },
      "neutral": {
        "precision": 0.5,
        "recall": 0.75,
        "f1-score": 0.6,
        "support": 4.0
      },
      "sad": {
        "precision": 0.4,
        "recall": 0.5,
        "f1-score": 0.4444444444444444,
        "support": 8.0
      },
      "accuracy": 0.5833333333333334,
      "macro avg": {
        "precision": 0.6566666666666666,
        "recall": 0.6,
        "f1-score": 0.581056721056721,
        "support": 36.0
      },
      "weighted avg": {
        "precision": 0.674074074074074,
        "recall": 0.5833333333333334,
        "f1-score": 0.5789519122852457,
        "support": 36.0
      }
    }
  },
  "rbf_svm": {
    "best_params": {
      "clf__C": 10.0,
      "clf__gamma": 0.003,
      "pca__n_components": 125
    },
    "cv_f1": 0.6000883625977413,
    "val_f1": 0.5693675213675213,
    "test_f1": 0.6334535464535465,
    "training_time_seconds": 34.353663206100464,
    "test_report": {
      "angry": {
        "precision": 0.875,
        "recall": 0.875,
        "f1-score": 0.875,
        "support": 8.0
      },
      "fearful": {
        "precision": 0.8,
        "recall": 0.5,
        "f1-score": 0.6153846153846154,
        "support": 8.0
      },
      "happy": {
        "precision": 1.0,
        "recall": 0.375,
        "f1-score": 0.5454545454545454,
        "support": 8.0
      },
      "neutral": {
        "precision": 0.6666666666666666,
        "recall": 0.5,
        "f1-score": 0.5714285714285714,
        "support": 4.0
      },
      "sad": {
        "precision": 0.4117647058823529,
        "recall": 0.875,
        "f1-score": 0.56,
        "support": 8.0
      },
      "accuracy": 0.6388888888888888,
      "macro avg": {
        "precision": 0.7506862745098039,
        "recall": 0.625,
        "f1-score": 0.6334535464535465,
        "support": 36.0
      },
      "weighted avg": {
        "precision": 0.7600217864923747,
        "recall": 0.6388888888888888,
        "f1-score": 0.6403452103452103,
        "support": 36.0
      }
    }
  },
  "dataset": {
    "features": 204,
    "train_samples_original": 756,
    "train_samples_augmented": 1512,
    "val_samples": 72,
    "test_samples": 36,
    "classes": [
      "angry",
      "fearful",
      "happy",
      "neutral",
      "sad"
    ]
  }
}