class,precision,recall,f1,support
angry,0.5,0.875,0.6363636363636364,8
fearful,0.75,0.375,0.5,8
happy,0.3333333333333333,0.125,0.18181818181818182,8
neutral,0.5714285714285714,1.0,0.7272727272727273,4
sad,0.375,0.375,0.375,8
