Model,CV F1,VAL F1,TEST F1,Training Time (s)
Linear SVM,0.6077093172757172,0.556368356702152,0.581056721056721,13.349394798278809
RBF SVM,0.6000883625977413,0.5693675213675213,0.6334535464535465,34.353663206100464
