class,precision,recall,f1,support
angry,0.7777777777777778,0.875,0.8235294117647058,8
fearful,0.8,0.5,0.6153846153846154,8
happy,1.0,0.375,0.5454545454545454,8
neutral,0.42857142857142855,0.75,0.5454545454545454,4
sad,0.4166666666666667,0.625,0.5,8
