class,precision,recall,f1,support
angry,0.5,0.8125,0.6190476190476191,16
fearful,0.8,0.5,0.6153846153846154,16
happy,0.46153846153846156,0.375,0.41379310344827586,16
neutral,0.6,0.75,0.6666666666666666,8
sad,0.5384615384615384,0.4375,0.4827586206896552,16
