class,precision,recall,f1,support
angry,0.3783783783783784,0.875,0.5283018867924528,16
fearful,1.0,0.4375,0.6086956521739131,16
happy,0.5555555555555556,0.3125,0.4,16
neutral,0.6,0.375,0.46153846153846156,8
sad,0.6428571428571429,0.5625,0.6,16
