class,precision,recall,f1,support
angry,0.875,0.875,0.875,8
fearful,0.6666666666666666,0.5,0.5714285714285714,8
happy,1.0,0.375,0.5454545454545454,8
neutral,0.5,0.25,0.3333333333333333,4
sad,0.4117647058823529,0.875,0.56,8
