class,precision,recall,f1,support
angry,0.5,0.875,0.6363636363636364,16
fearful,0.8888888888888888,0.5,0.64,16
happy,0.5,0.3125,0.38461538461538464,16
neutral,0.75,0.75,0.75,8
sad,0.5882352941176471,0.625,0.6060606060606061,16
