class,precision,recall,f1,support
angry,0.4375,0.875,0.5833333333333334,16
fearful,0.7142857142857143,0.3125,0.43478260869565216,16
happy,0.5333333333333333,0.5,0.5161290322580645,16
neutral,0.625,0.625,0.625,8
sad,0.7,0.4375,0.5384615384615384,16
